<!-- 2/23/2025 SM: Com'd out suprression file, no vulnerabilities detected after code refactoring.

<?xml version="1.0" encoding="UTF-8"?>

<suppressions xmlns="https://jeremylong.github.io/DependencyCheck/dependency-suppression.1.3.xsd">


	<suppress>
		<notes><![CDATA[file name: hibernate-validator-6.0.18.Final.jar]]></notes>
		<packageUrl regex="true">^pkg:maven/org\.hibernate\.validator/hibernate-validator@.*$</packageUrl>
		<cpe>cpe:/a:redhat:hibernate_validator</cpe>
	</suppress>
   
	<suppress>
		<notes><![CDATA[file name: jackson-databind-2.10.2.jar]]></notes>
		<packageUrl regex="true">^pkg:maven/com\.fasterxml\.jackson\.core/jackson-databind@.*$</packageUrl>
		<cpe>cpe:/a:fasterxml:jackson-databind</cpe>
		<cpe>cpe:/a:fasterxml:jackson-modules-java8</cpe>
	</suppress>

	<suppress>
		<notes><![CDATA[file name: json-path-2.4.0.jar]]></notes>
		<packageUrl regex="true">^pkg:maven/com\.jayway\.jsonpath/json-path@.*$</packageUrl>
		<cpe>cpe:/a:json-path:jayway_jsonpath</cpe>
	</suppress>

	<suppress>
		<notes><![CDATA[file name: json-smart-2.3.jar]]></notes>
		<packageUrl regex="true">^pkg:maven/net\.minidev/json-smart@.*$</packageUrl>
		<cpe>cpe:/a:json-smart_project:json-smart</cpe>
		<cpe>cpe:/a:json-smart_project:json-smart-v2</cpe>
		<cpe>cpe:/a:ini-parser_project:ini-parser</cpe>
	</suppress>

    <suppress>
		<notes><![CDATA[file name: log4j-api-2.12.1.jar]]></notes>
		<packageUrl regex="true">^pkg:maven/org\.apache\.logging\.log4j/log4j-api@.*$</packageUrl>
		<cpe>cpe:/a:apache:log4j</cpe>
	</suppress>

	<suppress>
		<notes><![CDATA[file names: logback-classic-1.2.3.jar, logback-core-1.2.3.jar]]></notes>
		<packageUrl regex="true">^pkg:maven/ch\.qos\.logback/(logback-classic|logback-core)@.*$</packageUrl>
		<cpe>cpe:/a:qos:logback</cpe>
	</suppress>

	<suppress>
		<notes><![CDATA[file name: snakeyaml-1.25.jar]]></notes>
		<packageUrl regex="true">^pkg:maven/org\.yaml/snakeyaml@.*$</packageUrl>
		<cpe>cpe:/a:snakeyaml_project:snakeyaml</cpe>
	</suppress>

	<suppress>
		<notes><![CDATA[file names: tomcat-embed-core-9.0.30.jar, tomcat-embed-websocket-9.0.30.jar]]></notes>
		<packageUrl regex="true">^pkg:maven/org\.apache\.tomcat\.embed/tomcat-embed-(core|websocket)@.*$</packageUrl>
		<cpe>cpe:/a:apache:tomcat</cpe>
		<cpe>cpe:/a:apache_tomcat:apache_tomcat</cpe>
	</suppress>

</suppressions>

-->