<?xml version="1.0" encoding="UTF-8"?>
<suppressions xmlns="https://jeremylong.github.io/DependencyCheck/dependency-suppression.1.3.xsd">

    <suppress>
        <notes><![CDATA[file name: bcprov-jdk15on-1.46.jar]]></notes>
        <packageUrl regex="true">^pkg:maven/org\.bouncycastle/bcprov-jdk15on@.*$</packageUrl>
        <cpe>cpe:/a:bouncycastle:bouncy-castle-crypto-package</cpe>
        <cpe>cpe:/a:bouncycastle:bouncy_castle_crypto_package</cpe>
        <cpe>cpe:/a:bouncycastle:the_bouncy_castle_crypto_package_for_java</cpe>
    </suppress>

    <suppress>
        <notes><![CDATA[file name: jackson-databind-2.10.2.jar]]></notes>
        <packageUrl regex="true">^pkg:maven/com\.fasterxml\.jackson\.core/jackson-databind@.*$</packageUrl>
        <cpe>cpe:/a:fasterxml:jackson-modules-java8</cpe>
    </suppress>

    <suppress>
        <notes><![CDATA[file name: spring-boot-starter-web-2.2.4.RELEASE.jar]]></notes>
        <packageUrl regex="true">^pkg:maven/org\.springframework\.boot/spring-boot-starter-web@.*$</packageUrl>
        <cpe>cpe:/a:web_project:web</cpe>
    </suppress>

    <suppress>
       <!-- General suppression for all Spring 5.2.3 dependencies, except VMware -->
		<notes><![CDATA[Suppressing all Spring Framework 5.2.3-related false positives]]></notes>
        <packageUrl regex="true">^pkg:maven/org\.springframework/.*@.*$</packageUrl>
        <cpe>cpe:/a:pivotal_software:spring_framework</cpe>
        <cpe>cpe:/a:springsource:spring_framework</cpe>      
    </suppress>

    <suppress>
        <notes><![CDATA[file name: tomcat-embed-core-9.0.30.jar]]></notes>
        <packageUrl regex="true">^pkg:maven/org\.apache\.tomcat\.embed/tomcat-embed-core@.*$</packageUrl>
        <cpe>cpe:/a:apache_tomcat:apache_tomcat</cpe>
    </suppress>    

    <suppress>
        <notes><![CDATA[file name: tomcat-embed-websocket-9.0.30.jar]]></notes>
        <packageUrl regex="true">^pkg:maven/org\.apache\.tomcat\.embed/tomcat-embed-websocket@.*$</packageUrl>
        <cpe>cpe:/a:apache_tomcat:apache_tomcat</cpe>
    </suppress>

</suppressions>

